table_source,attibute,description,question,,,,,,,
PAYMENTS,id,,,,,,,,,
,created_at,,,,,,,,,Don't use in model
,changed_at,,,,,,,,,Use in model
,user,,,,,,,,,Don't understand
,batch,,,,,,,,,
,credits_x,,,,,,,,,
,state,,,,,,,,,
,type,,,,,,,,,
CREDITS,credits_y,,,,,,,,,
,is_active,,,,,,,,,
,is_verified,,,,,,,,,
,is_locked,,,,,,,,,
,wage,,,,,,,,,
,user_id,,,,,,,,,
ATLAS CECHU,all_intro-2022,,,,,,,,,
,atlas_vzorek-2023,,,,,,,,,
,atlas_vzorek-2024,,,,,,,,,
,all_intro-trendaro_panel_all,,,,,,,,,
,sex-woman,,,,,,,,,
,sex-man,,,,,,,,,
,age-15_17,,,,,,,,,
,age-18_24,,,,,,,,,
,age-25_34,,,,,,,,,
,age-35_44,,,,,,,,,
,age-45_54,,,,,,,,,
,age-55_64,,,,,,,,,
,age-65_plus,,,,,,,,,
,education_level-basic,,,,,,,,,
,education_level-high_bezmat,,,,,,,,,
,education_level-high_smat,,,,,,,,,
,education_level-university,,,,,,,,,
,city_size-0_2,,,,,,,,,
,city_size-2_10,,,,,,,,,
,city_size-10_50,,,,,,,,,
,city_size-over50,,,,,,,,,
,kraj-stredocesky,,,,,,,,,
,kraj-jihocesky,,,,,,,,,
,kraj-plzensky,,,,,,,,,
,kraj-karlovarsky,,,,,,,,,
,kraj-ustecky,,,,,,,,,
,kraj-liberecky,,,,,,,,,
,kraj-kralovehradecky,,,,,,,,,
,kraj-pardubicky,,,,,,,,,
,kraj-olomoucky,,,,,,,,,
,kraj-moravskoslezsky,,,,,,,,,
,kraj-jihomoravsky,,,,,,,,,
,kraj-zlinsky,,,,,,,,,
,kraj-vysocina,,,,,,,,,
,income_level-high,,,,,,,,,
,income_level-mid,,,,,,,,,
,income_level-low,,,,,,,,,
,ea-student,,,,,,,,,
,ea-maternity_leave,,,,,,,,,
,ea-unemployed,,,,,,,,,
,ea-pensioner,,,,,,,,,
,ea-fulltime,,,,,,,,,
,elected_2021-no,,,,,,,,,
,elected_2021-ano_2011,,,,,,,,,
,elected_2021-spolu,,,,,,,,,
,elected_2021-pirstan,,,,,,,,,
,elected_2021-spd,,,,,,,,,
,nuts2-praha,,,,,,,,,
,nuts2-stredocesky,,,,,,,,,
,nuts2-jihozapad,,,,,,,,,
,nuts2-severozapad,,,,,,,,,
,nuts2-severovychod,,,,,,,,,
,nuts2-stredni_morava,,,,,,,,,
,nuts2-moravskoslezsko,,,,,,,,,
,nuts2-jihovychod,,,,,,,,,
,age-18_29,,,,,,,,,
,age-30_44,,,,,,,,,
,age-45_64,,,,,,,,,
,kraj-hlavni,,,,,,,,,
,kraj-praha,,,,,,,,,
,city-brno,,,,,,,,,
,city-ostrava,,,,,,,,,
,city-plzen,,,,,,,,,
,education_level-university_bc,,,,,,,,,
,education_level-university_mgr,,,,,,,,,
,education_level-university_phd,,,,,,,,,
,education_level-high_stavebni,,,,,,,,,
,education_level-high_strojni,,,,,,,,,
,education_level-high_zdravotni,,,,,,,,,
,education_level-high_obchodni,,,,,,,,,
,education_level-high_remesla,,,,,,,,,
,education_level-high_zemedelska,,,,,,,,,
,education_field_general-tech,,,,,,,,,
,education_field_general-social_sci,,,,,,,,,
,education_field_general-economy,,,,,,,,,
,life_stages-mlady_bezdetny,,,,,,,,,
,life_stages-mlady_s_rodinou,,,,,,,,,
,life_stages-starsi_s_rodinou,,,,,,,,,
,life_stages-opustene_hnizdo,,,,,,,,,
,life_stages-duchodce,,,,,,,,,
,life_stages-stary_bezdetny,,,,,,,,,
,marital_status-single,,,,,,,,,
,marital_status-cohabitation,,,,,,,,,
,marital_status-married,,,,,,,,,
,marital_status-divorced,,,,,,,,,
,marital_status-widover,,,,,,,,,
,kids_number-0,,,,,,,,,
,kids_number-1plus,,,,,,,,,
,kids_number-1_2,,,,,,,,,
,kids_number-3plus,,,,,,,,,
,kids-man_yes,,,,,,,,,
,kids-man_no,,,,,,,,,
,kids-woman_yes,,,,,,,,,
,kids-woman_no,,,,,,,,,
,home_type-flat,,,,,,,,,
,home_type-house,,,,,,,,,
,home_type-other,,,,,,,,,
,ownership-rented,,,,,,,,,
,ownership-owner,,,,,,,,,
,living-sharing,,,,,,,,,
,living-single,,,,,,,,,
,members_household-flatmate,,,,,,,,,
,members_household-partner,,,,,,,,,
,members_household-children,,,,,,,,,
,members_household-parents,,,,,,,,,
,members_household-children_baby,,,,,,,,,
,members_household-children_preschool,,,,,,,,,
,members_household-children_schoolkid,,,,,,,,,
,members_household-children_highschoolkid,,,,,,,,,
,members_household-children_adult_kid,,,,,,,,,
,household_members_income-1,,,,,,,,,
,household_members_income-2,,,,,,,,,
,household_members_income-3plus,,,,,,,,,
,household_income-lt20,,,,,,,,,
,household_income-20_29,,,,,,,,,
,household_income-30_39,,,,,,,,,
,household_income-40_49,,,,,,,,,
,household_income-gt50,,,,,,,,,
,car-none,,,,,,,,,
,car,,,,,,,,,
,car_type-mini_car,,,,,,,,,
,car_type-middle_class,,,,,,,,,
,car_type-luxury_car,,,,,,,,,
,car_type-minivan,,,,,,,,,
,household_equipment-motorbike,,,,,,,,,
,household_equipment-tv,,,,,,,,,
,household_equipment-smart_home,,,,,,,,,
,household_equipment-pool,,,,,,,,,
,plan_property-soon,,,,,,,,,
,plan-house,,,,,,,,,
,plan-reconstruction,,,,,,,,,
,plan-garden_work,,,,,,,,,
,plan-interior_change,,,,,,,,,
,housing-big_city_centre,,,,,,,,,
,housing-small_city_centre,,,,,,,,,
,housing-housing_estate,,,,,,,,,
,housing-satellite_city,,,,,,,,,
,housing-village,,,,,,,,,
,garden_animals-gardening,,,,,,,,,
,garden_animals-balcony,,,,,,,,,
,garden_animals-animals_small,,,,,,,,,
,garden_animals-animals_big,,,,,,,,,
,repairing-me,,,,,,,,,
,repairing-not_me,,,,,,,,,
,houseworks-cooking,,,,,,,,,
,houseworks-tidy,,,,,,,,,
,houseworks-laundry,,,,,,,,,
,houseworks-animals,,,,,,,,,
,mobile_os-old,,,,,,,,,
,plan-chata,,,,,,,,,
,plan-rekonstrukce_chata,,,,,,,,,
,energy_supplier-me,,,,,,,,,
,energy_supplier-else,,,,,,,,,
,plyn-yes,,,,,,,,,
,other_electronics-naramek_owner,,,,,,,,,
,other_electronics-tablet_owner,,,,,,,,,
,other_electronics-laptop_owner,,,,,,,,,
,other_electronics-pc_owner,,,,,,,,,
,emobility_use-elektromobil,,,,,,,,,
,emobility_use-ekolo,,,,,,,,,
,emobility_use-ekolobezka,,,,,,,,,
,emobility_use-eskutr,,,,,,,,,
,income_situation_new-financial_problems,,,,,,,,,
,income_situation_new-from_month_to_month,,,,,,,,,
,income_situation_new-save_alittle,,,,,,,,,
,income_situation_new-save_6months,,,,,,,,,
,income_situation_new-wealthy,,,,,,,,,
,savings-nic,,,,,,,,,
,execution-no,,,,,,,,,
,execution-in_danger,,,,,,,,,
,execution-has_yet,,,,,,,,,
,bank-business_account,,,,,,,,,
,bank-savings_account,,,,,,,,,
,banking-mortgage,,,,,,,,,
,banking-overdraft,,,,,,,,,
,banking-business_loan,,,,,,,,,
,banking-personal_loan,,,,,,,,,
,insurance-none,,,,,,,,,
,insurance-household_insurance,,,,,,,,,
,insurance-car_insurance,,,,,,,,,
,insurance-accident_insurance,,,,,,,,,
,insurance-life_insurance,,,,,,,,,
,insurance-travel_insurance,,,,,,,,,
,investments-building_savings,,,,,,,,,
,investments-savings_accounts,,,,,,,,,
,investments-retirement_savings,,,,,,,,,
,investments-funds_shares_commodities,,,,,,,,,
,investments-cryptocurrency,,,,,,,,,
,investments-real_estate,,,,,,,,,
,income-up_10k,,,,,,,,,
,income-11k_20k,,,,,,,,,
,income-21k_30k,,,,,,,,,
,income-over_30k,,,,,,,,,
,save-cannot,,,,,,,,,
,save-can,,,,,,,,,
,income_situation_new-save_3months,,,,,,,,,
,bank-current_account,,,,,,,,,
,majetek-up500k,,,,,,,,,
,majetek-up1mio,,,,,,,,,
,majetek-up2halfmio,,,,,,,,,
,majetek-up5mio,,,,,,,,,
,majetek-plus5mio,,,,,,,,,
,ea-student_all,,,,,,,,,
,ea-maternity_leave_all,,,,,,,,,
,ea-unemployed_all,,,,,,,,,
,ea-pensioner_all,,,,,,,,,
,ea-employee,,,,,,,,,
,ea-osvc_own_firm,,,,,,,,,
,ea-osvc,,,,,,,,,
,ea-own_firm,,,,,,,,,
,job_time_new-fulltime,,,,,,,,,
,job_time_new-parttime,,,,,,,,,
,job_time_new-no_job,,,,,,,,,
,job_institution-firm,,,,,,,,,
,job_institution-public,,,,,,,,,
,job_institution-nonprofit,,,,,,,,,
,manual-profession,,,,,,,,,
,intel-profession,,,,,,,,,
,subordinate-none,,,,,,,,,
,subordinate-has,,,,,,,,,
,job-junior,,,,,,,,,
,job-leader,,,,,,,,,
,new_job-no,,,,,,,,,
,new_job-good_offer,,,,,,,,,
,new_job-searching,,,,,,,,,
,finding_job-hard,,,,,,,,,
,finding_job-easy,,,,,,,,,
,commuting-car,,,,,,,,,
,commuting-bus_train,,,,,,,,,
,commuting-bike,,,,,,,,,
,commuting-on_foot,,,,,,,,,
,work-team,,,,,,,,,
,work-alone,,,,,,,,,
,aim_stay_abroad-job,,,,,,,,,
,internet_tools-linked_in,,,,,,,,,
,job_time_new-less,,,,,,,,,
,previous_job-employee,,,,,,,,,
,previous_job-osvc,,,,,,,,,
,previous_job-own_firm,,,,,,,,,
,previous_job-none,,,,,,,,,
,home_office-now,,,,,,,,,
,home_office-regular,,,,,,,,,
,home_office-occasional,,,,,,,,,
,home_office-never,,,,,,,,,
,company_size-garage,,,,,,,,,
,company_size-small,,,,,,,,,
,company_size-medium,,,,,,,,,
,company_size-big,,,,,,,,,
,company_size-huge,,,,,,,,,
,kvalifikace-vs,,,,,,,,,
,kvalifikace-ss,,,,,,,,,
,kvalifikace-vyucni,,,,,,,,,
,kvalifikace-praxe,,,,,,,,,
,kvalifikace-kurz,,,,,,,,,
,kvalifikace-none,,,,,,,,,
,job-low_industry,,,,,,,,,
,job-salesman,,,,,,,,,
,job-finance,,,,,,,,,
,job-high_industry,,,,,,,,,
,job-building,,,,,,,,,
,job-transport,,,,,,,,,
,job-handyman,,,,,,,,,
,job-medical_social,,,,,,,,,
,job-it,,,,,,,,,
,job-gastro_travel,,,,,,,,,
,job-law,,,,,,,,,
,job-mkt_admin,,,,,,,,,
,job-edu_science,,,,,,,,,
,job-culture,,,,,,,,,
,job-forces,,,,,,,,,
,job-other,,,,,,,,,
,job-rote,,,,,,,,,
,job-new_issue,,,,,,,,,
,aim_stay_abroad-study,,,,,,,,,
,stay_abroad-ne,,,,,,,,,
,stay_abroad-ano,,,,,,,,,
,aim_stay_abroad-childhood,,,,,,,,,
,satisfaction_life-no,,,,,,,,,
,satisfaction_life-yes,,,,,,,,,
,satisfaction_money-no,,,,,,,,,
,satisfaction_money-yes,,,,,,,,,
,satisfaction_relationships-no,,,,,,,,,
,satisfaction_relationships-yes,,,,,,,,,
,business_satisfaction-no,,,,,,,,,
,business_satisfaction-yes,,,,,,,,,
,goldies_oldies-oldtime_lovers,,,,,,,,,
,goldies_oldies-cant_say,,,,,,,,,
,goldies_oldies-now_is_better,,,,,,,,,
,luck-bad_luck,,,,,,,,,
,luck-lucky_enough,,,,,,,,,
,satisfaction_life_in_CZ-no,,,,,,,,,
,satisfaction_life_in_CZ-yes,,,,,,,,,
,municipality_problems-passive,,,,,,,,,
,municipality_problems-active,,,,,,,,,
,country_problems-passive,,,,,,,,,
,country_problems-active,,,,,,,,,
,world_problems-passive,,,,,,,,,
,world_problems-active,,,,,,,,,
,car-image,,,,,,,,,
,car-transport,,,,,,,,,
,worse-stress,,,,,,,,,
,worse-routine,,,,,,,,,
,fulfillment-money,,,,,,,,,
,fulfillment-meaning,,,,,,,,,
,physical_punishment-none,,,,,,,,,
,physical_punishment-depends,,,,,,,,,
,violence-self_defense,,,,,,,,,
,violence-other,,,,,,,,,
,homosexuality-no_tolerance,,,,,,,,,
,homosexuality-no_adoption,,,,,,,,,
,homosexuality-marriage_adoption,,,,,,,,,
,rape_responsibility-none,,,,,,,,,
,rape_responsibility-yes,,,,,,,,,
,agency_structure-agency,,,,,,,,,
,agency_structure-structure,,,,,,,,,
,charity-no,,,,,,,,,
,charity-yes,,,,,,,,,
,my_childs_study-make_living,,,,,,,,,
,my_childs_study-fulfillment,,,,,,,,,
,security_feeling-no,,,,,,,,,
,security_feeling-yes,,,,,,,,,
,security-no_cameras,,,,,,,,,
,security-yes_cameras,,,,,,,,,
,country_future-foreign_affairs,,,,,,,,,
,country_future-interior_problems,,,,,,,,,
,elections_2021-yes_elections,,,,,,,,,
,elected_2021-nevoli,,,,,,,,,
,elected_2021-kscm,,,,,,,,,
,elected_2021-cssd,,,,,,,,,
,elected_2021-prisaha,,,,,,,,,
,elected_2021-other,,,,,,,,,
,elected_2021-nevi,,,,,,,,,
,religion-one_god,,,,,,,,,
,religion-deities,,,,,,,,,
,religion-something_above_us,,,,,,,,,
,religion-not_important,,,,,,,,,
,religion-nothing_above_us,,,,,,,,,
,household_care-woman,,,,,,,,,
,household_care-man,,,,,,,,,
,household_care-equally,,,,,,,,,
,household_division-natural_division,,,,,,,,,
,household_division-agreement,,,,,,,,,
,breadwinner-woman,,,,,,,,,
,breadwinner-man,,,,,,,,,
,breadwinner-equally,,,,,,,,,
,kids_fulfillment-yes,,,,,,,,,
,kids_fulfillment-no,,,,,,,,,
,chinese_medicine-chinese_prefer,,,,,,,,,
,chinese_medicine-supplement,,,,,,,,,
,chinese_medicine-unreal,,,,,,,,,
,vaccination-vaccination_ok,,,,,,,,,
,vaccination-vaccination_needed,,,,,,,,,
,vaccination-vaccination_bad,,,,,,,,,
,blood_donation-donates,,,,,,,,,
,blood_donation-supports,,,,,,,,,
,blood_donation-not_support,,,,,,,,,
,luck-little_luck,,,,,,,,,
,luck-do_not_believe,,,,,,,,,
,charity-close,,,,,,,,,
,charity-country,,,,,,,,,
,charity-international,,,,,,,,,
,charity-nature,,,,,,,,,
,charity-animals,,,,,,,,,
,charity-none,,,,,,,,,
,discuss_politics-yes,,,,,,,,,
,discuss_politics-no,,,,,,,,,
,discuss_municipality-yes,,,,,,,,,
,discuss_municipality-no,,,,,,,,,
,stavkrajiny-skvele,,,,,,,,,
,stavkrajiny-lepe,,,,,,,,,
,stavkrajiny-spatne,,,,,,,,,
,climate-bubble,,,,,,,,,
,climate-problem,,,,,,,,,
,climatehumans-much,,,,,,,,,
,climatehumans-little,,,,,,,,,
,climatehumans-no,,,,,,,,,
,eu_vyhody-zasadni,,,,,,,,,
,eu_vyhody-trochu,,,,,,,,,
,eu_vyhody-nevyhodne,,,,,,,,,
,immigrants_new-yes_all,,,,,,,,,
,immigrants_new-no_muslim,,,,,,,,,
,immigrants_new-no_none,,,,,,,,,
,emotion_okamura-positive,,,,,,,,,
,emotion_okamura-negative,,,,,,,,,
,emotion_babis-positive,,,,,,,,,
,emotion_babis-negative,,,,,,,,,
,emotion_zeman-positive,,,,,,,,,
,emotion_zeman-negative,,,,,,,,,
,emotion_havel-positive,,,,,,,,,
,emotion_havel-negative,,,,,,,,,
,emotion_bartos-positive,,,,,,,,,
,emotion_bartos-negative,,,,,,,,,
,emotion_fiala-positive,,,,,,,,,
,emotion_fiala-negative,,,,,,,,,
,vaccine-covid_more,,,,,,,,,
,vaccine-covid_one,,,,,,,,,
,vaccine-covid_cannot,,,,,,,,,
,vaccine-covid_against,,,,,,,,,
,confession-catholic,,,,,,,,,
,confession-christian,,,,,,,,,
,confession-muslim,,,,,,,,,
,confession-jude,,,,,,,,,
,confession-other_confession,,,,,,,,,
,konopi-ne,,,,,,,,,
,konopi-lekarske,,,,,,,,,
,konopi-osobni,,,,,,,,,
,emobility_attitude-spatne,,,,,,,,,
,emobility_attitude-budoucnost,,,,,,,,,
,shared_attitude-ne,,,,,,,,,
,shared_attitude-budoucnost,,,,,,,,,
,soc_kapital-pomaha_emoc,,,,,,,,,
,soc_kapital-finance,,,,,,,,,
,soc_kapital-pravnik,,,,,,,,,
,soc_kapital-pomuze_nemoc,,,,,,,,,
,soc_kapital-pomuze_byt,,,,,,,,,
,soc_kapital-nema_pomaha_emoc,,,,,,,,,
,soc_kapital-nema_finance,,,,,,,,,
,soc_kapital-nema_pravnik,,,,,,,,,
,soc_kapital-nema_pomuze_nemoc,,,,,,,,,
,soc_kapital-nema_pomuze_byt,,,,,,,,,
,friends-doctor,,,,,,,,,
,friends-program,,,,,,,,,
,friends-instalater,,,,,,,,,
,friends-dodavka,,,,,,,,,
,friends-doucit,,,,,,,,,
,friends-urad,,,,,,,,,
,friends-stavebni,,,,,,,,,
,friends-mechanic,,,,,,,,,
,friends-police,,,,,,,,,
,friends-doctor_nema,,,,,,,,,
,friends-program_nema,,,,,,,,,
,friends-instalater_nema,,,,,,,,,
,friends-dodavka_nema,,,,,,,,,
,friends-doucit_nema,,,,,,,,,
,friends-urad_nema,,,,,,,,,
,friends-stavebni_nema,,,,,,,,,
,friends-mechanic_nema,,,,,,,,,
,friends-police_nema,,,,,,,,,
,social_support-no_one,,,,,,,,,
,social_support-many,,,,,,,,,
,pride_1-open_minded,,,,,,,,,
,pride_1-university_diploma,,,,,,,,,
,pride_1-luxury_car,,,,,,,,,
,pride_1-moral_principles,,,,,,,,,
,pride_1-job,,,,,,,,,
,pride_1-reliability,,,,,,,,,
,pride_1-unique,,,,,,,,,
,pride_1-children,,,,,,,,,
,pride_2-fitness,,,,,,,,,
,pride_2-house,,,,,,,,,
,pride_2-public,,,,,,,,,
,pride_2-art,,,,,,,,,
,pride_2-help,,,,,,,,,
,pride_2-popularity,,,,,,,,,
,pride_2-attractiveness,,,,,,,,,
,holiday_number-0,,,,,,,,,
,holiday_number-1,,,,,,,,,
,holiday_number-2,,,,,,,,,
,holiday_number-3,,,,,,,,,
,holiday_price-up15,,,,,,,,,
,holiday_price-15_39,,,,,,,,,
,holiday_price-above_40,,,,,,,,,
,holiday_tourist_type-no_tourists,,,,,,,,,
,holiday_tourist_type-tourist_attractions,,,,,,,,,
,holiday_abroad-travel_agency,,,,,,,,,
,holiday_abroad-organized_group,,,,,,,,,
,holiday_abroad-on_my_own,,,,,,,,,
,holiday_abroad_transport-car,,,,,,,,,
,holiday_abroad_transport-bus,,,,,,,,,
,holiday_abroad_transport-train,,,,,,,,,
,holiday_abroad_transport-airplane,,,,,,,,,
,holiday_abroad-same_destinations,,,,,,,,,
,holiday_abroad-new_destinations,,,,,,,,,
,holiday_out_europe-ne,,,,,,,,,
,holiday_out_europe-ano,,,,,,,,,
,holiday_abroad_activities-sea,,,,,,,,,
,holiday_abroad_activities-hiking,,,,,,,,,
,holiday_abroad_activities-sightseeing,,,,,,,,,
,holiday_abroad_activities-mountains,,,,,,,,,
,holiday_abroad_activities-skiing,,,,,,,,,
,holiday_abroad_sport-fitness,,,,,,,,,
,holiday_abroad_activities-diving,,,,,,,,,
,holiday_abroad_activities-biking,,,,,,,,,
,aim_stay_abroad-vacation,,,,,,,,,
,holiday_abroad-ano,,,,,,,,,
,holiday_abroad-cesko,,,,,,,,,
,holiday_abroad-both,,,,,,,,,
,holiday_cesko_activities-rybnik,,,,,,,,,
,holiday_cesko_activities-hiking,,,,,,,,,
,holiday_cesko_activities-sightseeing,,,,,,,,,
,holiday_cesko_activities-skiing,,,,,,,,,
,holiday_cesko_activities-fitness,,,,,,,,,
,holiday_cesko_activities-biking,,,,,,,,,
,holiday_cesko_activities-gastro,,,,,,,,,
,municipality_problems-s_active,,,,,,,,,
,country_problems-s_active,,,,,,,,,
,world_problems-s_active,,,,,,,,,
,owns-weekend_house,,,,,,,,,
,owns-garden,,,,,,,,,
,owns-other_land,,,,,,,,,
,pet-any,,,,,,,,,
,pet-dog,,,,,,,,,
,pet-cat,,,,,,,,,
,driving_licence-none,,,,,,,,,
,driving_licence-car,,,,,,,,,
,driving_licence-motorbike,,,,,,,,,
,driving_licence-bus,,,,,,,,,
,english-no,,,,,,,,,
,english-yes,,,,,,,,,
,english-well,,,,,,,,,
,english-fluent,,,,,,,,,
,foreign_language-german,,,,,,,,,
,foreign_language-russian,,,,,,,,,
,foreign_language-french,,,,,,,,,
,foreign_language-spanish,,,,,,,,,
,foreign_language-italian,,,,,,,,,
,leisure_program-bored,,,,,,,,,
,leisure_program-busy,,,,,,,,,
,weekend_schedule-weekend_open,,,,,,,,,
,weekend_schedule-weekend_planner,,,,,,,,,
,weekend_place-home,,,,,,,,,
,weekend_place-diverse,,,,,,,,,
,hazard-bet,,,,,,,,,
,hazard-slot_machine,,,,,,,,,
,hazard-number_lottery,,,,,,,,,
,leisure_activity-passive_fan,,,,,,,,,
,leisure_activity-active_fan,,,,,,,,,
,leisure_activity-gamer,,,,,,,,,
,leisure_activity-wellness,,,,,,,,,
,leisure_activity-active_art,,,,,,,,,
,leisure_activity-book,,,,,,,,,
,leisure_activity-shopping_market,,,,,,,,,
,leisure_activity-pub,,,,,,,,,
,leisure_activity-dinner_outside,,,,,,,,,
,leisure_activity-party,,,,,,,,,
,leisure_activity-wine,,,,,,,,,
,leisure_activity-curious,,,,,,,,,
,media_channels-cinema,,,,,,,,,
,leisure_activity-theatre,,,,,,,,,
,leisure_activity-museum,,,,,,,,,
,leisure_activity-concert,,,,,,,,,
,leisure_activity-disco_club,,,,,,,,,
,leisure_activity-shopping_mall,,,,,,,,,
,leisure_activity-cottage,,,,,,,,,
,leisure_activity-playground,,,,,,,,,
,leisure_activity-fun_kids,,,,,,,,,
,leisure_activity-outdoor,,,,,,,,,
,theatre-clasic_theater,,,,,,,,,
,theatre-students_theater,,,,,,,,,
,theatre-musical,,,,,,,,,
,theatre-new_circus,,,,,,,,,
,smoking-no_smoking,,,,,,,,,
,smoking-occasionally,,,,,,,,,
,smoking-daily,,,,,,,,,
,smoking-heavy,,,,,,,,,
,cigarettes-rolled,,,,,,,,,
,beer-never_yearly,,,,,,,,,
,beer-weekly_monthly,,,,,,,,,
,fastfood-no,,,,,,,,,
,fastfood-yes,,,,,,,,,
,food_healthy-no,,,,,,,,,
,food_healthy-yes,,,,,,,,,
,new_restaurant-czech,,,,,,,,,
,new_restaurant-indian,,,,,,,,,
,new_restaurant-lebanese,,,,,,,,,
,new_restaurant-pizza,,,,,,,,,
,food_diet-no_meat,,,,,,,,,
,food_diet-vegetarian,,,,,,,,,
,food_diet-vegan,,,,,,,,,
,food_diet-gluten_free,,,,,,,,,
,food_diet-low_carb,,,,,,,,,
,food_diet-raw,,,,,,,,,
,food_diet-other_diet,,,,,,,,,
,quick_decision-negative,,,,,,,,,
,quick_decision-positive,,,,,,,,,
,leisure_activity_monthly_1-crosswords,,,,,,,,,
,leisure_activity_monthly_1-handcraft,,,,,,,,,
,leisure_activity_monthly_1-diy,,,,,,,,,
,leisure_activity_monthly_3-cafe,,,,,,,,,
,leisure_activity_monthly_3-walk,,,,,,,,,
,family_frequency-weekly,,,,,,,,,
,family_frequency-monthly,,,,,,,,,
,family_frequency-yearly,,,,,,,,,
,neighbours-meeting,,,,,,,,,
,neighbours-chat,,,,,,,,,
,neighbours-celebrations,,,,,,,,,
,neighbours-city,,,,,,,,,
,neighbours-none,,,,,,,,,
,hanging_out-weekly_monthly,,,,,,,,,
,hanging_out-yearly_never,,,,,,,,,
,internet-chains,,,,,,,,,
,internet-newsletter,,,,,,,,,
,internet-sn,,,,,,,,,
,immigrants_know-ano,,,,,,,,,
,immigrants_know-ne,,,,,,,,,
,horoscope-believe,,,,,,,,,
,horoscope-fun,,,,,,,,,
,horoscope-not_read,,,,,,,,,
,mobile_internet-no,,,,,,,,,
,mobile_games-often,,,,,,,,,
,mobile_apps-over10,,,,,,,,,
,other_electronics-book_reader_owner,,,,,,,,,
,gamer-yes,,,,,,,,,
,youtube_subscribe-yes,,,,,,,,,
,freq_tv_hours-gt_3,,,,,,,,,
,leisure_activity-gallery,,,,,,,,,
,leisure_activity-hiking,,,,,,,,,
,sport_frequency-less,,,,,,,,,
,sport_frequency-weekly,,,,,,,,,
,sport_frequency-monthly,,,,,,,,,
,hazard-casino_bet_online,,,,,,,,,
,family_frequency-never,,,,,,,,,
,cigarettes-pack,,,,,,,,,
,cigarettes-elektornic,,,,,,,,,
,cigarettes-stop_smoking,,,,,,,,,
,shared_use-yes,,,,,,,,,
,music-clasic,,,,,,,,,
,music-czech_pop_singers,,,,,,,,,
,music-colours,,,,,,,,,
,music-country,,,,,,,,,
,music-hiphop,,,,,,,,,
,music-czech_rock,,,,,,,,,
,music-czech_pop_bands,,,,,,,,,
,music-jazz_swing,,,,,,,,,
,music-world_pop,,,,,,,,,
,music-electronic_music,,,,,,,,,
,music-brass_band,,,,,,,,,
,music-world_rock,,,,,,,,,
,internet_tools-facebook,,,,,,,,,
,internet_tools-twitter,,,,,,,,,
,internet_tools-tinder,,,,,,,,,
,internet_tools-tiktok,,,,,,,,,
,internet_tools-instagram,,,,,,,,,
,internet_tools-messenger,,,,,,,,,
,internet_tools-whatsapp,,,,,,,,,
,internet_tools-skype,,,,,,,,,
,internet_tools-telegram,,,,,,,,,
,internet_tools-signal,,,,,,,,,
,internet_tools-viber,,,,,,,,,
,mobile_os-apple,,,,,,,,,
,mobile_internet-wifi,,,,,,,,,
,mobile_internet-data,,,,,,,,,
,information_source-tv,,,,,,,,,
,information_source-online_news,,,,,,,,,
,information_source-radio,,,,,,,,,
,information_source-friends_family,,,,,,,,,
,information_source-blog,,,,,,,,,
,information_source-newspaper,,,,,,,,,
,media_channels-tv_oldway,,,,,,,,,
,tv-online,,,,,,,,,
,media_channels-radio_oldway,,,,,,,,,
,radio-online,,,,,,,,,
,freq_tv-daily,,,,,,,,,
,freq_tv-weekly_monthly,,,,,,,,,
,freq_tv-less,,,,,,,,,
,paid_tv-daily,,,,,,,,,
,paid_tv-weekly_monthly,,,,,,,,,
,paid_tv-less,,,,,,,,,
,tv_radio_way-no_tv,,,,,,,,,
,tv_radio_way-no_radio,,,,,,,,,
,radio-daily,,,,,,,,,
,radio-weekly_monthly,,,,,,,,,
,radio-rare,,,,,,,,,
,newspapers-serious,,,,,,,,,
,tabloid-offline,,,,,,,,,
,journals-woman,,,,,,,,,
,journals-man,,,,,,,,,
,news_online-serious,,,,,,,,,
,tabloid-online,,,,,,,,,
,news_online-alt,,,,,,,,,
,woman-website,,,,,,,,,
,cooking-website,,,,,,,,,
,media_channels-news,,,,,,,,,
,media_channels-news_online,,,,,,,,,
,media_channels-journal,,,,,,,,,
,internet_bullshitters-more,,,,,,,,,
,internet_bullshitters-weekly,,,,,,,,,
,internet_bullshitters-less,,,,,,,,,
,youtube_subscribe-no-no-idea,,,,,,,,,
,freq_tv_hours-lt_1,,,,,,,,,
,freq_tv_hours-1_2,,,,,,,,,
,freq_tv_hours-3_7,,,,,,,,,
,tv_shows-fashion,,,,,,,,,
,tv_shows-garden,,,,,,,,,
,tv_shows-finance,,,,,,,,,
,tv_shows-world,,,,,,,,,
,tv_shows-nature,,,,,,,,,
,tv_shows-sport,,,,,,,,,
,tv_shows-series,,,,,,,,,
,tv_shows-history,,,,,,,,,
,tv_shows-politics,,,,,,,,,
,tv_shows-art,,,,,,,,,
,freq_radio_channel-evropa_2,,,,,,,,,
,freq_radio_channel-radio_impuls,,,,,,,,,
,freq_radio_channel-cesky_rozhlas_radiozurnal,,,,,,,,,
,freq_radio_channel-frekvence_1,,,,,,,,,
,freq_radio_channel-fajn_radio,,,,,,,,,
,freq_radio_channel-cesky_impuls,,,,,,,,,
,freq_radio_channel-radio_krokodyl,,,,,,,,,
,freq_radio_channel-rock_radio,,,,,,,,,
,freq_radio_channel-cesky_rozhlas_dvojka,,,,,,,,,
,freq_radio_channel-country_radio,,,,,,,,,
,freq_radio_channel-cesky_rozhlas_plus,,,,,,,,,
,freq_radio_channel-radio_1,,,,,,,,,
,freq_radio_channel-radio_spin,,,,,,,,,
,freq_radio_channel-expres_fm,,,,,,,,,
,freq_radio_channel-cesky_rozhlas_radio_wave,,,,,,,,,
,freq_radio_channel-free_radio,,,,,,,,,
,freq_radio_channel-cesky_rozhlas_vltava,,,,,,,,,
,freq_radio_channel-rock_max,,,,,,,,,
,freq_radio_channel-rockzone_1059,,,,,,,,,
,freq_radio_channel-zet_bbc_world_service,,,,,,,,,
,freq_radio_channel-radio_blanik,,,,,,,,,
,freq_radio_channel-cro,,,,,,,,,
,freq_radio_channel-kiss,,,,,,,,,
,tv_station_winners-ct_1,,,,,,,,,
,tv_station_winners-ct_2,,,,,,,,,
,tv_station_winners-ct_24,,,,,,,,,
,tv_station_winners-ct_sport,,,,,,,,,
,tv_station_winners-nova,,,,,,,,,
,tv_station_winners-nova_cinema,,,,,,,,,
,tv_station_winners-prima_family,,,,,,,,,
,tv_station_winners-prima_cool,,,,,,,,,
,tv_station_winners-barrandov,,,,,,,,,
,tv_station_winners-prima_love,,,,,,,,,
,tv_station_winners-ocko,,,,,,,,,
,tv_station_winners-nova_action,,,,,,,,,
,tv_station_winners-prima_zoom,,,,,,,,,
,tv_station_winners-prima_cnn,,,,,,,,,
,tv_station_winners-seznam_tv,,,,,,,,,
,tv_station_winners-prima_max,,,,,,,,,
,tv_station_winners-slagr_tv,,,,,,,,,
,newspaper_winners-denik,,,,,,,,,
,newspaper_winners-lidove_noviny,,,,,,,,,
,newspaper_winners-mf_dnes,,,,,,,,,
,newspaper_winners-pravo,,,,,,,,,
,newspaper_winners-denikn,,,,,,,,,
,newspaper_winners-5_2,,,,,,,,,
,newspaper_winners-blesk,,,,,,,,,
,newspaper_winners-aha,,,,,,,,,
,newspaper_winners-metro,,,,,,,,,
,newspaper_winners-hospodarske_noviny,,,,,,,,,
,newspaper_winners-halo_noviny,,,,,,,,,
,newspaper_winners-e_15,,,,,,,,,
,newspaper_winners-denik_sport,,,,,,,,,
,news_server_winners-aktualne,,,,,,,,,
,news_server_winners-denik_cz,,,,,,,,,
,news_server_winners-idnes,,,,,,,,,
,news_server_winners-lidovky,,,,,,,,,
,news_server_winners-ihned,,,,,,,,,
,news_server_winners-sport_cz,,,,,,,,,
,news_server_winners-g_cz,,,,,,,,,
,news_server_winners-super_cz,,,,,,,,,
,news_server_winners-extra,,,,,,,,,
,news_server_winners-blesk_cz,,,,,,,,,
,news_server_winners-ahaonline,,,,,,,,,
,news_server_winners-e_15_cz,,,,,,,,,
,news_server_winners-parlamentni_listy,,,,,,,,,
,news_server_winners-denik_referendum,,,,,,,,,
,news_server_winners-novinky_cz,,,,,,,,,
,news_server_winners-zive,,,,,,,,,
,news_server_winners-denik_n,,,,,,,,,
,news_server_winners-seznam_zpravy,,,,,,,,,
,tv_station-ct_1,,,,,,,,,
,tv_station-ct_2,,,,,,,,,
,tv_station-ct_24,,,,,,,,,
,tv_station-ct_sport,,,,,,,,,
,tv_station-nova,,,,,,,,,
,tv_station-nova_cinema,,,,,,,,,
,tv_station-prima_family,,,,,,,,,
,tv_station-prima_cool,,,,,,,,,
,tv_station-barrandov,,,,,,,,,
,tv_station-prima_love,,,,,,,,,
,tv_station-ocko,,,,,,,,,
,tv_station-slagr_tv,,,,,,,,,
,tv_station-prima_cnn,,,,,,,,,
,tv_station-seznam_tv,,,,,,,,,
,newspaper-denik,,,,,,,,,
,newspaper-lidove_noviny,,,,,,,,,
,newspaper-mf_dnes,,,,,,,,,
,newspaper-pravo,,,,,,,,,
,newspaper-denik_n,,,,,,,,,
,newspaper-5_2,,,,,,,,,
,newspaper-blesk,,,,,,,,,
,newspaper-aha,,,,,,,,,
,newspaper-metro,,,,,,,,,
,newspaper-hospodarske_noviny,,,,,,,,,
,newspaper-halo_noviny,,,,,,,,,
,newspaper-e_15,,,,,,,,,
,newspaper-denik_sport,,,,,,,,,
,journal-respekt,,,,,,,,,
,journal-forbes,,,,,,,,,
,journal-reflex,,,,,,,,,
,journal-tyden,,,,,,,,,
,journal-tema,,,,,,,,,
,journal-ekonom,,,,,,,,,
,journal-formen,,,,,,,,,
,journal-svet_motoru,,,,,,,,,
,journal-auto_tip,,,,,,,,,
,journal-esquire,,,,,,,,,
,journal-svet_zeny,,,,,,,,,
,journal-vlasta,,,,,,,,,
,journal-zena_zivot,,,,,,,,,
,journal-elle,,,,,,,,,
,journal-cosmopolitan,,,,,,,,,
,journal-rytmus_zivota,,,,,,,,,
,journal-epocha,,,,,,,,,
,journal-pestry_svet,,,,,,,,,
,journal-moje_psychologie,,,,,,,,,
,journal-lide_zeme,,,,,,,,,
,journal-national_geographic,,,,,,,,,
,news_server-aktualne,,,,,,,,,
,news_server-denik_cz,,,,,,,,,
,news_server-idnes,,,,,,,,,
,news_server-lidovky,,,,,,,,,
,news_server-irozhlas,,,,,,,,,
,news_server-denikn-online,,,,,,,,,
,news_server-ihned,,,,,,,,,
,news_server-sport_cz,,,,,,,,,
,news_server-g_cz,,,,,,,,,
,news_server-super_cz,,,,,,,,,
,news_server-seznam_zpravy,,,,,,,,,
,news_server-isport_cz,,,,,,,,,
,news_server-extra,,,,,,,,,
,news_server-blesk_cz,,,,,,,,,
,news_server-ahaonline,,,,,,,,,
,news_server-e_15_cz,,,,,,,,,
,news_server-parlamentni_listy,,,,,,,,,
,news_server-denik_referendum,,,,,,,,,
,news_server-novinky_cz,,,,,,,,,
,news_server-zive,,,,,,,,,
,online_tv-nova_online,,,,,,,,,
,online_tv-ct_online,,,,,,,,,
,online_tv-iprima,,,,,,,,,
,online_tv-dvtv,,,,,,,,,
,online_tv-stream,,,,,,,,,
,online_tv-seznam_tv,,,,,,,,,
,lifestyle_online_2-forum24,,,,,,,,,
,lifestyle_online_2-echo24,,,,,,,,,
,lifestyle_online_2-euro,,,,,,,,,
,lifestyle_online_2-refresher,,,,,,,,,
,lifestyle_online_3-lifee,,,,,,,,,
,lifestyle_online_3-drbna,,,,,,,,,
,lifestyle_online_3-marianne,,,,,,,,,
,lifestyle_online_3-expres,,,,,,,,,
,spending_type-spender,,,,,,,,,
,spending_type-saver,,,,,,,,,
,shopping_market_type-supermarket,,,,,,,,,
,shopping_market_type-samoobsluha,,,,,,,,,
,shopping_market_type-trh,,,,,,,,,
,shopping_market_type-bezobalu,,,,,,,,,
,shopping_weekly-bakery,,,,,,,,,
,shopping_weekly-grocery,,,,,,,,,
,shopping_weekly-reznik,,,,,,,,,
,shopping_weekly-zdrava_vyziva,,,,,,,,,
,shopping_monthly-second_hand,,,,,,,,,
,shopping_monthly-drugstore,,,,,,,,,
,shopping_monthly-pharmacy,,,,,,,,,
,shopping_quarterly-hobby,,,,,,,,,
,shopping_quarterly-knihy,,,,,,,,,
,shopping_quarterly-sport,,,,,,,,,
,shopping_monthly-obleceni,,,,,,,,,
,online_fre-vubec,,,,,,,,,
,online_fre-tyden,,,,,,,,,
,online_fre-mesic,,,,,,,,,
,online_fre-ctvrtrok,,,,,,,,,
,online_fre-pulrok,,,,,,,,,
,online_fre-rok,,,,,,,,,
,online_fre-mene,,,,,,,,,
,co_fre_online-elektro,,,,,,,,,
,co_fre_online-volny_cas,,,,,,,,,
,co_fre_online-drogerii,,,,,,,,,
,co_fre_online-obleceni,,,,,,,,,
,co_fre_online-leky,,,,,,,,,
,co_fre_online-mazlicci,,,,,,,,,
,co_fre_online-deti,,,,,,,,,
,co_fre_online-dum,,,,,,,,,
,co_fre_online-sport,,,,,,,,,
,co_fre_online-drogerii_mesic,,,,,,,,,
,co_fre_online-drogerii_rok,,,,,,,,,
,co_fre_online-drogerii_mene,,,,,,,,,
,co_fre_online-leky_mesic,,,,,,,,,
,co_fre_online-leky_rok,,,,,,,,,
,co_fre_online-leky_mene,,,,,,,,,
,co_fre_online-elektro_mesic,,,,,,,,,
,co_fre_online-elektro_rok,,,,,,,,,
,co_fre_online-elektro_mene,,,,,,,,,
,co_fre_online-obleceni_mesic,,,,,,,,,
,co_fre_online-obleceni_rok,,,,,,,,,
,co_fre_online-obleceni_mene,,,,,,,,,
,co_fre_online-sport_mesic,,,,,,,,,
,co_fre_online-sport_rok,,,,,,,,,
,co_fre_online-sport_mene,,,,,,,,,
,co_fre_online-mazlicci_mesic,,,,,,,,,
,co_fre_online-mazlicci_rok,,,,,,,,,
,co_fre_online-mazlicci_mene,,,,,,,,,
,co_fre_online-dum_mesic,,,,,,,,,
,co_fre_online-dum_rok,,,,,,,,,
,co_fre_online-dum_mene,,,,,,,,,
,co_fre_online-volny_cas_mesic,,,,,,,,,
,co_fre_online-volny_cas_rok,,,,,,,,,
,co_fre_online-volny_cas_mene,,,,,,,,,
,co_fre_online-deti_mesic,,,,,,,,,
,co_fre_online-deti_rok,,,,,,,,,
,co_fre_online-deti_mene,,,,,,,,,
,shopping-on_spot_decision,,,,,,,,,
,shopping-informed_decision,,,,,,,,,
,discount_hunters-none,,,,,,,,,
,discount_hunters-discount_leaflet,,,,,,,,,
,discount_hunters-e_discount_leaflet,,,,,,,,,
,discount_hunters-slevomat,,,,,,,,,
,discount_hunters-loyalty,,,,,,,,,
,payment_delayed-splatky,,,,,,,,,
,payment_delayed-odlozena,,,,,,,,,
,payment_delayed-kreditka,,,,,,,,,
,payment_delayed-kontokorent,,,,,,,,,
,brand-indifferent,,,,,,,,,
,brand-lover,,,,,,,,,
,grocery-ethics,,,,,,,,,
,grocery_quality-item_price,,,,,,,,,
,grocery_quality-calories,,,,,,,,,
,grocery_quality-health_aspect,,,,,,,,,
,grocery_quality-origin,,,,,,,,,
,grocery_quality-animal_suffering,,,,,,,,,
,grocery_quality-fair_trade,,,,,,,,,
,grocery_quality-bio_quality,,,,,,,,,
,fre_food-daily,,,,,,,,,
,fre_food-weekly,,,,,,,,,
,fre_food-monthly,,,,,,,,,
,fre_food-less,,,,,,,,,
,payment-karta_fyz,,,,,,,,,
,payment-g_apple_pay,,,,,,,,,
,payment-cash,,,,,,,,,
,payment-naramek,,,,,,,,,
,payment-stravenky,,,,,,,,,
,payment-jinak,,,,,,,,,
,potraviny_online-weekly,,,,,,,,,
,potraviny_online-monthly,,,,,,,,,
,potraviny_online-less,,,,,,,,,
,potraviny_online-never,,,,,,,,,
,obchody_online-rohlik,,,,,,,,,
,obchody_online-kosik,,,,,,,,,
,obchody_online-alza,,,,,,,,,
,obchody_online-mall,,,,,,,,,
,obchody_online-czc,,,,,,,,,
,obchody_online-datart,,,,,,,,,
,car_brand-ford,,,,,,,,,
,car_brand-peugeot,,,,,,,,,
,car_brand-renault,,,,,,,,,
,car_brand-skoda,,,,,,,,,
,car_brand-volkswagen,,,,,,,,,
,car_brand-opel,,,,,,,,,
,car_brand-toyota,,,,,,,,,
,car_brand-citroen,,,,,,,,,
,car_brand-hyundai,,,,,,,,,
,car_brand-kia,,,,,,,,,
,acounts-airbank,,,,,,,,,
,acounts-cs,,,,,,,,,
,acounts-csob,,,,,,,,,
,acounts-equa,,,,,,,,,
,acounts-fio,,,,,,,,,
,acounts-moneta,,,,,,,,,
,acounts-kb,,,,,,,,,
,acounts-mbank,,,,,,,,,
,acounts-era,,,,,,,,,
,acounts-raiffeisen,,,,,,,,,
,acounts-unicredit,,,,,,,,,
,acounts-sberbank,,,,,,,,,
,acounts-hello,,,,,,,,,
,mobile_os-android,,,,,,,,,
,notebook-acer,,,,,,,,,
,notebook-apple,,,,,,,,,
,notebook-asus,,,,,,,,,
,notebook-dell,,,,,,,,,
,notebook-hp,,,,,,,,,
,notebook-lenovo,,,,,,,,,
,mobile-samsung,,,,,,,,,
,mobile-apple,,,,,,,,,
,mobile-huawei,,,,,,,,,
,mobile-lenovo,,,,,,,,,
,mobile-sony,,,,,,,,,
,mobile-nokia,,,,,,,,,
,mobile-xiaomi,,,,,,,,,
,mobile-honor,,,,,,,,,
,cigarettes-luckystrike,,,,,,,,,
,cigarettes-davidoff,,,,,,,,,
,cigarettes-marlboro,,,,,,,,,
,cigarettes-winston,,,,,,,,,
,cigarettes-camel,,,,,,,,,
,cigarettes-chesterfield,,,,,,,,,
,cigarettes-lm,,,,,,,,,
,cigarettes-viceroy,,,,,,,,,
,beer-gambrinus,,,,,,,,,
,beer-kozel,,,,,,,,,
,beer-staropramen,,,,,,,,,
,beer-branik,,,,,,,,,
,beer-bernard,,,,,,,,,
,beer-plzen,,,,,,,,,
,beer-svijany,,,,,,,,,
,beer-krusovice,,,,,,,,,
,beer-budvar,,,,,,,,,
,beer-radegast,,,,,,,,,
,limo-coca_cola,,,,,,,,,
,limo-kofola,,,,,,,,,
,limo-pepsi,,,,,,,,,
,limo-royalcrown,,,,,,,,,
,limo-red_bull,,,,,,,,,
,limo-big_shock,,,,,,,,,
,limo-semtex,,,,,,,,,
,energy-tiger,,,,,,,,,
,energy-monster,,,,,,,,,
,energy-rockstar,,,,,,,,,
,fastfood-mcd,,,,,,,,,
,fastfood-bageterie,,,,,,,,,
,fastfood-kfc,,,,,,,,,
,fastfood-bk,,,,,,,,,
,coffee-nescafe,,,,,,,,,
,coffee-jihlavanka,,,,,,,,,
,coffee-tchibo,,,,,,,,,
,coffee-illy,,,,,,,,,
,coffee-douwe_egberts,,,,,,,,,
,coffee-jacobs,,,,,,,,,
,chocolate-milka,,,,,,,,,
,chocolate-lindt,,,,,,,,,
,chocolate-orion,,,,,,,,,
,chocolate-kinder,,,,,,,,,
,chocolate-figaro,,,,,,,,,
,chocolate-toblerone,,,,,,,,,
,drugstore-teta,,,,,,,,,
,drugstore-dm,,,,,,,,,
,drugstore-rossmann,,,,,,,,,
,drugstore-top_drogerie,,,,,,,,,
,clothes-ca,,,,,,,,,
,clothes-hm,,,,,,,,,
,clothes-primark,,,,,,,,,
,clothes-marks_spencer,,,,,,,,,
,clothes-reserved,,,,,,,,,
,clothes-newyorker,,,,,,,,,
,clothes-zara,,,,,,,,,
,clothes-esprit,,,,,,,,,
,doprava-student_agency,,,,,,,,,
,doprava-cd,,,,,,,,,
,doprava-leo,,,,,,,,,
,doprava-flixbus,,,,,,,,,
,supermarket_monthly-billa,,,,,,,,,
,supermarket_monthly-albert,,,,,,,,,
,supermarket_monthly-lidl,,,,,,,,,
,supermarket_monthly-tesco,,,,,,,,,
,supermarket_monthly-penny,,,,,,,,,
,supermarket_monthly-globus,,,,,,,,,
,supermarket_monthly-kaufland,,,,,,,,,
,supermarket_monthly-makro,,,,,,,,,
,supermarket_monthly-zabka,,,,,,,,,
,supermarket_monthly-coop,,,,,,,,,
,pharmacy-drmax,,,,,,,,,
,pharmacy-benu,,,,,,,,,
,pharmacy-pilulka,,,,,,,,,
,pharmacy-lekarnacz,,,,,,,,,
,pharmacy-moje,,,,,,,,,
,pharmacy-giga,,,,,,,,,
,hobby_halfyear-bauhaus,,,,,,,,,
,hobby_halfyear-baumax,,,,,,,,,
,hobby_halfyear-obi,,,,,,,,,
,hobby_halfyear-hornbach,,,,,,,,,
,sportshops_halfyear-decathlon,,,,,,,,,
,sportshops_halfyear-sportisimo,,,,,,,,,
,sportshops_halfyear-a3sport,,,,,,,,,
,sportshops_halfyear-intersport,,,,,,,,,
,sportshops_halfyear-hervis,,,,,,,,,
,sportshops_halfyear-lidl,,,,,,,,,
,sport_halfyear-nike,,,,,,,,,
,sport_halfyear-adidas,,,,,,,,,
,sport_halfyear-puma,,,,,,,,,
,sport_halfyear-reebok,,,,,,,,,
,clothes-zoot,,,,,,,,,
,clothes-aboutyou,,,,,,,,,
,clothes-zalando,,,,,,,,,
,clothes-glami,,,,,,,,,
,insurance-kooperativa,,,,,,,,,
,insurance-generali,,,,,,,,,
,insurance-allianz,,,,,,,,,
,insurance-direct,,,,,,,,,
,insurance-csob,,,,,,,,,
,insurance-uniqa,,,,,,,,,
,insurance-axa,,,,,,,,,
,insurance-nn,,,,,,,,,
,klientstvi-pre,,,,,,,,,
,klientstvi-cez,,,,,,,,,
,klientstvi-eon,,,,,,,,,
,klientstvi-innogy,,,,,,,,,
,klientstvi-mnd,,,,,,,,,
,intro-jak_to_funguje,,,,,,,,,
,seen-znacky,,,,,,,,,
,seen-nakupovani,,,,,,,,,
,seen-technologie,,,,,,,,,
,seen-o_mne,,,,,,,,,
,seen-u_me_doma,,,,,,,,,
,seen-cestovani,,,,,,,,,
,seen-venkov,,,,,,,,,
,seen-prace,,,,,,,,,
,seen-nazory,,,,,,,,,
,seen-media,,,,,,,,,
,kecalkove,,,,,,,,,
,nakupuje-partner,,,,,,,,,
,nakupuje-nekdo_jiny,,,,,,,,,
,elections_2021-no_elections,,,,,,,,,
,elections_2021-nevi,,,,,,,,,
,elections_2021-nevoli,,,,,,,,,
,check-zamestnani,,,,,,,,,
,check-kapital,,,,,,,,,
,check-tv,,,,,,,,,
,check-radio,,,,,,,,,
,check-household,,,,,,,,,
,check-overdraft,,,,,,,,,
,check-naramek,,,,,,,,,
,isic2_age-21_26,,,,,,,,,
,isic2_age-15_20,,,,,,,,,
,isic_age-15_17,,,,,,,,,
,isic_age-18_22,,,,,,,,,
,isic_age-23_26,,,,,,,,,